Close;;;;;;;;;;;;;;;;;;;;;;;;;;;;;;;;;;;;;;;;;;;;;;;;;;;;;;;;;;;;;;;;;;;;;;;;;;;;;;;;;;;;;;;;;;;;;;;;;;;;;;;;;;;;;;;;;;;;;;;;;;;;;;;;;;;;;;;
Data;AESB3;AALR3;ALPA4;ALUP11;ABEV3;AMER3;ANIM3;ARZZ3;AZEV4;BLUT4;BRAP3;BRAP4;AGRO3;BRKM5;BRFS3;CCRO3;CLSC4;CMIG4;CESP6;COCE5;COGN3;CGAS5;CSMG3;CPLE6;CSAN3;CPFE3;CRPG5;CARD3;CVCB3;CYRE3;DASA3;DXCO3;DEXP3;PNVL3;DIRR3;ECOR3;ELET3;EMBR3;ENAT3;ENBR3;ENGI11;ENEV3;EGIE3;EQTL3;ETER3;EUCA4;EVEN3;EZTC3;FHER3;FESA4;FLRY3;FRAS3;GFSA3;GGBR4;GOAU4;GRND3;NTCO3;GUAR3;HBOR3;HYPE3;PARD3;MEAL3;ROMI3;MYPK3;RANI3;JBSS3;JHSF3;KEPL3;KLBN11;LIGT3;RENT3;LCAM3;LOGN3;AMAR3;LREN3;LUPA3;MDIA3;MGLU3;POMO4;MRFG3;LEVE3;MILS3;BEEF3;MOVI3;MRVE3;ODPV3;OIBR3;OFSA3;PCAR3;PETR4;PRIO3;PTBL3;POSI3;PFRM3;QUAL3;RADL3;RAPT4;RAIL3;SBSP3;SAPR4;STBP3;SMTO3;SHUL4;SEER3;CSNA3;SQIA3;SLCE3;SGPS3;TAEE11;TASA4;TECN3;TCSA3;TGMA3;TELB4;VIVT3;LAND3;TIMS3;SHOW3;TOTS3;TRPL4;TRIS3;TPIS3;TUPY3;UGPA3;UCAS3;UNIP6;USIM5;VALE3;VLID3;VIIA3;VULC3;WEGE3;PORT3;YDUQ3;
01/06/1995;  ;  ; R$ 0,11 ;  ; R$ 0,11 ;  ;  ;  ; R$ 0,35 ; R$ 31.658,05 ;  ;  ;  ; R$ 1,33 ;  ;  ; R$ 3,19 ; R$ 0,26 ;  ; R$ 0,09 ;  ;  ;  ;  ;  ;  ; R$ 0,41 ;  ;  ;  ;  ;  ;  ; R$ 0,06 ;  ;  ; R$ 3,68 ; R$ 0,28 ;  ;  ;#VALOR!;  ;  ;  ; R$ 0,21 ; R$ 1,12 ;  ;  ;  ; R$ 0,06 ;  ; R$ 0,13 ;  ; R$ 0,08 ; R$ 0,08 ;  ;  ; R$ 0,10 ;  ;  ;  ;  ; R$ 0,22 ; R$ 1,22 ; R$ 0,06 ;  ;  ;  ;  ; R$ 36,24 ;  ;  ;  ;  ; R$ 0,11 ;  ;  ;  ; R$ 0,04 ;  ; R$ 0,22 ;  ;  ;  ;  ;  ; R$ 14,23 ;  ;  ; R$ 0,35 ;  ; R$ 0,74 ;  ;  ;  ;  ; R$ 0,15 ;  ;  ;  ;  ;  ; R$ 0,08 ;  ; R$ 0,08 ;  ;  ;  ;  ; R$ 0,25 ;  ;  ;  ;  ; R$ 1,15 ;  ;  ;  ;  ;  ;  ;  ; R$ 3,01 ;  ;  ; R$ 0,20 ; R$ 0,54 ; R$ 0,66 ;  ;  ;  ; R$ 0,03 ;  ;  ;.
01/06/1996;;; R$ 0,06 ;; R$ 0,18 ;;;; R$ 0,32 ; R$ 11.306,45 ;;;; R$ 1,35 ;;; R$ 6,58 ; R$ 0,44 ;; R$ 0,31 ;;;;;;; R$ 0,39 ;;;;;;; R$ 0,17 ;;; R$ 5,26 ; R$ 0,94 ;;;;;;; R$ 0,23 ; R$ 1,06 ;;;; R$ 0,06 ;; R$ 0,15 ;; R$ 0,13 ; R$ 0,14 ;;; R$ 0,27 ;;;;; R$ 0,11 ; R$ 0,54 ; R$ 0,08 ;;;;; R$ 43,27 ;;;;; R$ 0,20 ;;;; R$ 0,05 ;; R$ 0,11 ;;;;;; R$ 27,02 ;; R$ 4,77 ; R$ 0,73 ;;;;;; R$ 0,02 ; R$ 0,13 ;; R$ 1,18 ;;;; R$ 0,05 ;; R$ 0,13 ;;;;; R$ 0,25 ;;;;; R$ 1,84 ;;;;;;;; R$ 1,05 ;;; R$ 0,14 ; R$ 0,78 ; R$ 0,58 ;; R$ 1,47 ;; R$ 0,03 ;;;
01/06/1997;;; R$ 0,04 ;; R$ 0,21 ;;;; R$ 0,23 ; R$ 4.522,58 ;;;; R$ 1,28 ; R$ 1,23 ;; R$ 9,55 ; R$ 0,63 ;; R$ 0,54 ;; R$ 1,16 ;; R$ 0,51 ;;; R$ 0,42 ;;;;;;; R$ 0,26 ;;; R$ 8,00 ; R$ 2,22 ;;;;;;; R$ 0,27 ; R$ 2,32 ;;;; R$ 0,05 ;; R$ 0,26 ;; R$ 0,22 ; R$ 0,22 ;;; R$ 0,28 ;;;;; R$ 0,28 ; R$ 0,77 ; R$ 0,06 ;;;;; R$ 58,80 ;;;;; R$ 0,14 ;;;; R$ 0,05 ;; R$ 0,07 ;;;;;; R$ 22,64 ;;; R$ 1,18 ;;;;;; R$ 0,02 ; R$ 0,09 ;; R$ 3,32 ;;;; R$ 0,03 ;; R$ 0,15 ;;;;; R$ 0,29 ;;;;; R$ 2,08 ;;;;;;;; R$ 1,83 ;;; R$ 0,07 ; R$ 0,52 ; R$ 0,47 ;; R$ 0,95 ;; R$ 0,04 ;;;
01/06/1998;;; R$ 0,06 ;; R$ 0,16 ;;;; R$ 0,23 ; R$ 3.618,06 ;;;; R$ 0,62 ; R$ 0,87 ;; R$ 3,75 ; R$ 0,42 ;; R$ 0,44 ;; R$ 0,82 ;; R$ 0,30 ;;; R$ 0,97 ;;;;;;; R$ 0,11 ;;; R$ 3,39 ; R$ 0,51 ;;;;; R$ 0,31 ;; R$ 0,29 ; R$ 3,18 ;;;; R$ 0,05 ;; R$ 0,30 ;; R$ 0,16 ; R$ 0,16 ;;; R$ 0,17 ;;;;; R$ 0,20 ; R$ 0,38 ; R$ 0,01 ;;;;; R$ 21,21 ;;;;; R$ 0,13 ;;;; R$ 0,05 ;; R$ 0,07 ;;;;;; R$ 7,10 ;;; R$ 0,64 ;; R$ 0,46 ;;;; R$ 0,01 ; R$ 0,05 ;; R$ 1,28 ;;;; R$ 0,03 ;; R$ 0,15 ;;;;; R$ 0,42 ;;;; R$ 9,92 ; R$ 1,19 ;; R$ 0,63 ;;;;;; R$ 1,44 ;;; R$ 0,09 ; R$ 0,27 ; R$ 0,28 ;; R$ 0,85 ;; R$ 0,04 ;;;
01/06/1999;;; R$ 0,12 ;; R$ 0,27 ;;;; R$ 0,16 ; R$ 2.713,55 ;;;; R$ 3,21 ; R$ 2,17 ;; R$ 5,99 ; R$ 0,79 ;; R$ 0,84 ;; R$ 0,75 ;; R$ 0,63 ;;; R$ 1,00 ;;;;;;; R$ 0,21 ;;; R$ 6,52 ; R$ 4,79 ;;;;; R$ 0,35 ;; R$ 0,56 ; R$ 2,30 ;;;; R$ 0,22 ;; R$ 0,17 ;; R$ 0,91 ; R$ 0,74 ;;; R$ 0,42 ;;;;; R$ 0,12 ; R$ 0,53 ; R$ 0,07 ;;;;; R$ 30,77 ;;;;; R$ 0,23 ;;;; R$ 0,10 ;; R$ 0,09 ;;;;;; R$ 32,71 ;;; R$ 2,20 ;; R$ 0,36 ;;;; R$ 0,01 ; R$ 0,12 ;; R$ 3,23 ;;;; R$ 0,04 ;; R$ 0,43 ;;;;; R$ 1,09 ;;;; R$ 2,83 ; R$ 2,30 ;; R$ 2,42 ;;; R$ 0,23 ;;; R$ 2,09 ;;; R$ 0,50 ; R$ 1,04 ; R$ 1,20 ;; R$ 0,86 ;; R$ 0,06 ;;;
01/06/2000;;; R$ 0,15 ;; R$ 0,78 ;;;; R$ 0,20 ; R$ 8.592,90 ; R$ 1,00 ; R$ 1,14 ;; R$ 3,55 ; R$ 1,71 ;; R$ 4,05 ; R$ 0,57 ;; R$ 1,08 ;; R$ 1,75 ;; R$ 0,59 ;;; R$ 1,14 ;;;;;; R$ 1,44 ; R$ 0,15 ;;; R$ 6,08 ; R$ 6,92 ;;;;; R$ 0,57 ;; R$ 1,09 ; R$ 2,05 ;;;; R$ 0,23 ;; R$ 0,13 ;; R$ 0,69 ; R$ 0,60 ;;; R$ 0,38 ;;;;; R$ 0,19 ; R$ 0,36 ; R$ 0,06 ;;;;; R$ 34,63 ;;;;;;;;; R$ 0,11 ;; R$ 0,18 ;;;;;; R$ 44,22 ;; R$ 10,54 ; R$ 2,23 ;; R$ 0,38 ;;;; R$ 0,02 ; R$ 0,13 ;; R$ 2,99 ; R$ 0,14 ;;; R$ 0,04 ;; R$ 0,38 ;;;;; R$ 0,91 ;;;; R$ 1,42 ; R$ 1,89 ;; R$ 2,48 ;;; R$ 0,27 ;;; R$ 2,67 ;;; R$ 0,76 ; R$ 0,97 ; R$ 1,33 ;; R$ 1,95 ;; R$ 0,09 ;;;
01/06/2001;;; R$ 0,13 ;; R$ 0,72 ;;;; R$ 0,08 ; R$ 7.236,13 ; R$ 0,71 ; R$ 0,78 ;; R$ 3,02 ; R$ 1,78 ;; R$ 3,22 ; R$ 0,68 ;; R$ 1,58 ;; R$ 1,41 ;; R$ 0,66 ;;; R$ 1,51 ;;;;;;; R$ 0,18 ;;; R$ 5,81 ; R$ 7,42 ;;;;; R$ 0,83 ;; R$ 0,80 ; R$ 1,02 ;;;; R$ 0,30 ;; R$ 0,16 ;; R$ 0,88 ; R$ 0,66 ;;; R$ 0,37 ;;;;; R$ 0,28 ; R$ 0,29 ; R$ 0,08 ;;; R$ 28,39 ;; R$ 18,94 ;;;;;;;;; R$ 0,16 ;;;;;;;; R$ 32,14 ;; R$ 16,38 ; R$ 2,66 ;; R$ 0,13 ;;;;; R$ 0,19 ;; R$ 2,27 ; R$ 0,17 ;;; R$ 0,04 ;; R$ 0,46 ;;;;; R$ 2,00 ;;;; R$ 1,42 ; R$ 2,80 ;; R$ 1,90 ;;; R$ 0,28 ;;; R$ 4,17 ;;; R$ 0,93 ; R$ 0,76 ; R$ 1,75 ;;;; R$ 0,16 ;;;
01/06/2002;;; R$ 0,16 ;; R$ 0,82 ;;;; R$ 0,06 ; R$ 6.783,87 ; R$ 0,51 ; R$ 0,57 ;; R$ 1,49 ; R$ 1,87 ; R$ 0,20 ; R$ 3,78 ; R$ 0,59 ;; R$ 1,24 ;; R$ 0,83 ;; R$ 0,40 ;;; R$ 1,30 ;;;;;; R$ 1,44 ; R$ 0,21 ;;; R$ 4,44 ; R$ 9,15 ;;;;; R$ 0,78 ;; R$ 1,36 ; R$ 0,88 ;;;; R$ 0,73 ;; R$ 0,16 ;; R$ 1,53 ; R$ 1,34 ;;; R$ 0,56 ;;;;; R$ 0,47 ; R$ 0,25 ; R$ 0,05 ;;; R$ 32,99 ;; R$ 8,48 ;;;;; R$ 0,08 ;;;; R$ 0,24 ;;;;;;;; R$ 36,79 ;; R$ 19,92 ; R$ 2,57 ;; R$ 0,13 ;;;; R$ 0,02 ; R$ 0,39 ;; R$ 1,88 ; R$ 0,15 ;;; R$ 0,04 ;; R$ 0,67 ;;;;; R$ 5,58 ;;;; R$ 1,42 ; R$ 2,99 ;; R$ 1,26 ;;; R$ 0,29 ;;; R$ 2,45 ; R$ 1,04 ;; R$ 1,15 ; R$ 0,79 ; R$ 3,57 ;;;; R$ 0,21 ;;;
01/06/2003;;; R$ 0,32 ;; R$ 1,14 ;;;; R$ 0,08 ; R$ 7.053,97 ; R$ 0,98 ; R$ 1,24 ;; R$ 9,03 ; R$ 2,61 ; R$ 0,73 ; R$ 5,93 ; R$ 1,22 ;; R$ 2,25 ;; R$ 2,93 ;; R$ 0,54 ;;; R$ 3,09 ;;;;;; R$ 1,44 ; R$ 0,44 ;;; R$ 9,36 ; R$ 14,04 ;;;;; R$ 2,00 ;; R$ 1,63 ; R$ 0,40 ;;;; R$ 1,48 ;; R$ 0,61 ;; R$ 3,85 ; R$ 3,51 ;;; R$ 0,88 ;;;;; R$ 1,18 ; R$ 0,81 ; R$ 0,18 ;;; R$ 86,53 ;; R$ 14,46 ;;;;;;;;; R$ 0,29 ;;;;;;;; R$ 54,28 ;;; R$ 4,58 ;; R$ 0,42 ;;;; R$ 0,03 ; R$ 0,91 ;; R$ 3,62 ; R$ 0,21 ;;; R$ 0,07 ;; R$ 2,45 ;;;;; R$ 4,26 ;;;; R$ 2,83 ; R$ 6,14 ;; R$ 2,03 ;;; R$ 0,81 ;;; R$ 1,50 ; R$ 1,79 ;; R$ 2,68 ; R$ 4,39 ; R$ 6,18 ;; R$ 1,16 ;; R$ 0,47 ;;;
01/06/2004;;; R$ 0,63 ;; R$ 2,48 ;;;; R$ 0,12 ; R$ 13.565,33 ; R$ 1,66 ; R$ 1,72 ;; R$ 18,11 ; R$ 5,54 ; R$ 1,74 ; R$ 8,27 ; R$ 1,61 ;; R$ 2,29 ;; R$ 4,39 ;; R$ 0,47 ;; R$ 3,44 ; R$ 6,18 ;;;; R$ 5,38 ;; R$ 1,73 ; R$ 0,51 ;;; R$ 7,50 ; R$ 12,08 ;;;;; R$ 2,66 ;; R$ 2,60 ; R$ 0,53 ;;;; R$ 1,99 ;;;; R$ 6,41 ; R$ 7,81 ; R$ 1,36 ; R$ 4,48 ; R$ 1,72 ;;;;; R$ 2,11 ; R$ 3,26 ; R$ 0,40 ;;; R$ 329,94 ;; R$ 11,34 ;;;;;;;;; R$ 0,44 ;; R$ 4,56 ;;;;;; R$ 50,61 ;;; R$ 6,18 ;; R$ 1,32 ;;;; R$ 0,04 ; R$ 2,49 ;; R$ 3,74 ; R$ 0,26 ;;; R$ 0,21 ;; R$ 3,40 ;;;;; R$ 4,34 ;;;; R$ 5,67 ; R$ 9,08 ;; R$ 2,68 ;;; R$ 0,89 ;;; R$ 2,43 ; R$ 1,87 ;; R$ 6,09 ; R$ 7,26 ; R$ 8,55 ;; R$ 1,71 ; R$ 0,75 ; R$ 0,75 ;;;
01/06/2005;;; R$ 1,39 ;; R$ 1,70 ;;;; R$ 0,12 ; R$ 16.821,01 ; R$ 2,37 ; R$ 2,44 ;; R$ 10,45 ; R$ 9,43 ; R$ 2,34 ; R$ 11,33 ; R$ 2,50 ;; R$ 4,34 ;; R$ 4,67 ;; R$ 0,75 ; R$ 3,55 ; R$ 5,66 ; R$ 5,98 ;;; R$ 8,79 ; R$ 9,80 ;; R$ 1,23 ; R$ 0,51 ;;; R$ 7,47 ; R$ 14,25 ;; R$ 3,87 ;;; R$ 4,53 ;; R$ 2,73 ; R$ 0,77 ;;;; R$ 1,54 ;;;; R$ 8,54 ; R$ 9,24 ; R$ 1,02 ; R$ 6,18 ; R$ 6,03 ;;;;; R$ 2,93 ; R$ 3,52 ; R$ 0,31 ;;; R$ 296,53 ;; R$ 6,19 ; R$ 2,02 ;;;; R$ 1,58 ;;;; R$ 0,40 ;; R$ 4,56 ;;;;;; R$ 67,79 ;; R$ 23,52 ; R$ 9,81 ;; R$ 1,32 ;;;; R$ 0,04 ; R$ 2,68 ;; R$ 4,07 ; R$ 0,25 ;;; R$ 0,30 ;; R$ 3,96 ;;;;; R$ 4,82 ;;;; R$ 4,96 ; R$ 8,74 ;; R$ 4,42 ;;; R$ 1,72 ;;; R$ 2,24 ;;; R$ 3,89 ; R$ 8,30 ; R$ 11,18 ;;; R$ 0,89 ; R$ 0,74 ;;;
01/06/2006;;; R$ 2,55 ;; R$ 2,20 ;;;; R$ 0,14 ; R$ 11.980,90 ; R$ 4,19 ; R$ 4,34 ; R$ 6,49 ; R$ 8,67 ; R$ 12,94 ; R$ 3,82 ; R$ 14,47 ; R$ 3,06 ; R$ 11,54 ; R$ 8,08 ;; R$ 7,20 ; R$ 3,76 ; R$ 1,07 ; R$ 6,99 ; R$ 6,57 ; R$ 5,05 ; R$ 6,82 ;; R$ 11,33 ; R$ 10,29 ;; R$ 1,31 ; R$ 0,85 ;;; R$ 10,10 ; R$ 17,83 ;; R$ 4,82 ;;; R$ 5,89 ;; R$ 6,23 ; R$ 1,44 ;;;; R$ 1,63 ;; R$ 1,53 ; R$ 90,94 ; R$ 11,84 ; R$ 13,24 ; R$ 1,09 ; R$ 9,35 ; R$ 9,49 ;;;;; R$ 6,98 ; R$ 4,35 ; R$ 0,27 ;;; R$ 204,14 ;; R$ 9,28 ; R$ 4,61 ;;;; R$ 3,33 ; R$ 5.306,82 ; R$ 6,29 ;; R$ 0,86 ;;;;;;; R$ 1,45 ; R$ 110,90 ;; R$ 26,46 ; R$ 13,82 ;; R$ 1,52 ; R$ 17,86 ; R$ 23,38 ;; R$ 0,28 ; R$ 3,43 ;; R$ 7,91 ; R$ 0,36 ;;; R$ 0,54 ;; R$ 5,73 ;;;; R$ 1,55 ; R$ 14,16 ;;;; R$ 4,25 ; R$ 12,94 ; R$ 570,03 ; R$ 9,15 ;; R$ 2,36 ; R$ 2,05 ;;; R$ 4,90 ;;; R$ 3,57 ; R$ 12,85 ; R$ 15,26 ; R$ 8,25 ; R$ 2,89 ; R$ 1,86 ; R$ 1,36 ;;;
01/06/2007;;; R$ 2,57 ;; R$ 3,00 ; R$ 58,45 ;;;; R$ 9.507,96 ; R$ 8,79 ; R$ 8,34 ; R$ 6,49 ; R$ 8,41 ; R$ 19,35 ; R$ 3,79 ; R$ 18,89 ; R$ 3,04 ; R$ 20,05 ; R$ 8,39 ;; R$ 8,55 ; R$ 4,76 ; R$ 1,19 ; R$ 3,30 ; R$ 8,14 ; R$ 6,52 ; R$ 3,60 ;; R$ 15,32 ; R$ 8,32 ; R$ 4,74 ; R$ 3,12 ; R$ 1,70 ;;; R$ 9,52 ; R$ 16,63 ;; R$ 4,35 ;; R$ 169,97 ; R$ 7,47 ;; R$ 7,39 ; R$ 6,81 ; R$ 11,41 ; R$ 3,68 ; R$ 19,59 ; R$ 2,99 ;; R$ 2,13 ; R$ 94,79 ; R$ 18,17 ; R$ 22,27 ; R$ 1,07 ; R$ 5,48 ; R$ 5,70 ; R$ 8,76 ;;;; R$ 10,29 ; R$ 12,36 ; R$ 1,53 ; R$ 4,89 ; R$ 3,59 ; R$ 10,61 ;; R$ 12,44 ; R$ 4,30 ;; R$ 57,07 ; R$ 5,82 ; R$ 3,97 ; R$ 9.983,83 ; R$ 6,34 ;; R$ 1,08 ; R$ 12,94 ; R$ 7,73 ;; R$ 7,97 ;; R$ 6,44 ; R$ 1,90 ; R$ 127,34 ;; R$ 26,86 ; R$ 25,44 ;; R$ 2,01 ; R$ 34,04 ; R$ 28,64 ;; R$ 0,81 ; R$ 6,28 ;; R$ 9,11 ; R$ 0,37 ;; R$ 5,19 ; R$ 1,46 ;; R$ 14,72 ;; R$ 5,05 ; R$ 85,04 ; R$ 2,20 ; R$ 41,56 ;; R$ 76,45 ; R$ 12,80 ; R$ 58,08 ; R$ 14,14 ; R$ 332,84 ; R$ 6,22 ;; R$ 2,99 ; R$ 3,04 ; R$ 3,45 ; R$ 4,97 ; R$ 4,60 ; R$ 4,83 ;; R$ 4,51 ; R$ 20,79 ; R$ 28,82 ; R$ 8,00 ; R$ 7,00 ; R$ 17,73 ; R$ 2,70 ; R$ 15,01 ; R$ 5,21 ;
01/06/2008;;; R$ 0,98 ;; R$ 2,13 ; R$ 19,63 ;;; R$ 2,11 ; R$ 2.293,05 ; R$ 3,28 ; R$ 3,51 ; R$ 4,48 ; R$ 3,38 ; R$ 13,21 ; R$ 3,44 ; R$ 15,78 ; R$ 3,19 ; R$ 7,01 ; R$ 10,01 ;; R$ 7,62 ; R$ 2,99 ; R$ 1,11 ; R$ 1,82 ; R$ 7,86 ; R$ 2,58 ; R$ 1,44 ;; R$ 5,83 ; R$ 5,10 ; R$ 1,54 ; R$ 1,38 ; R$ 0,82 ;;; R$ 10,47 ; R$ 7,51 ;; R$ 3,56 ;; R$ 23,13 ; R$ 7,10 ; R$ 0,80 ; R$ 6,20 ; R$ 2,20 ; R$ 1,97 ; R$ 0,99 ; R$ 3,56 ; R$ 3,36 ;; R$ 1,76 ; R$ 30,15 ; R$ 10,92 ; R$ 13,17 ; R$ 0,68 ; R$ 6,47 ; R$ 1,64 ; R$ 2,12 ; R$ 5,05 ;;; R$ 3,70 ; R$ 2,55 ; R$ 0,81 ; R$ 4,02 ; R$ 1,05 ; R$ 4,68 ;; R$ 10,75 ; R$ 1,65 ;; R$ 21,25 ; R$ 2,38 ; R$ 1,80 ; R$ 3.895,36 ; R$ 5,11 ;; R$ 0,52 ; R$ 6,36 ;;; R$ 1,36 ;; R$ 1,66 ; R$ 1,01 ; R$ 234,56 ;; R$ 23,54 ; R$ 13,71 ;; R$ 0,69 ; R$ 5,63 ; R$ 4,24 ;; R$ 0,58 ; R$ 2,36 ;; R$ 6,32 ; R$ 0,21 ;; R$ 2,35 ; R$ 0,81 ;; R$ 8,36 ;; R$ 4,30 ; R$ 14,42 ; R$ 1,65 ; R$ 15,26 ;; R$ 23,17 ; R$ 2,77 ; R$ 27,62 ; R$ 12,58 ; R$ 28,98 ; R$ 3,63 ;; R$ 1,94 ; R$ 3,68 ; R$ 0,83 ; R$ 0,72 ; R$ 3,13 ; R$ 4,85 ;; R$ 1,92 ; R$ 10,77 ; R$ 13,91 ; R$ 5,53 ; R$ 1,15 ; R$ 16,58 ; R$ 1,38 ; R$ 6,45 ; R$ 2,92 ;
01/06/2009;;; R$ 2,47 ;; R$ 3,89 ; R$ 39,71 ;;;; R$ 4.586,10 ; R$ 7,36 ; R$ 7,33 ; R$ 6,83 ; R$ 8,58 ; R$ 20,26 ; R$ 6,11 ; R$ 16,88 ; R$ 4,19 ; R$ 11,32 ; R$ 15,90 ;; R$ 8,43 ; R$ 5,62 ; R$ 1,81 ; R$ 4,15 ; R$ 9,95 ; R$ 6,72 ; R$ 5,30 ;; R$ 15,75 ; R$ 13,03 ; R$ 6,70 ; R$ 1,45 ; R$ 1,70 ; R$ 6,50 ;; R$ 15,51 ; R$ 8,32 ;; R$ 5,67 ;; R$ 76,63 ; R$ 8,58 ; R$ 1,76 ; R$ 12,45 ; R$ 3,81 ; R$ 5,95 ; R$ 3,75 ; R$ 10,70 ; R$ 6,21 ; R$ 6,00 ;; R$ 82,03 ; R$ 21,39 ; R$ 23,27 ; R$ 1,72 ; R$ 13,06 ; R$ 6,89 ; R$ 10,25 ; R$ 15,15 ;;; R$ 5,77 ; R$ 8,65 ; R$ 0,73 ; R$ 7,61 ; R$ 2,62 ; R$ 11,24 ;; R$ 14,36 ; R$ 4,56 ;; R$ 37,07 ; R$ 8,39 ; R$ 4,57 ; R$ 4.517,68 ; R$ 10,98 ;; R$ 1,16 ; R$ 16,64 ;;; R$ 4,71 ;; R$ 7,29 ; R$ 3,05 ; R$ 116,27 ;; R$ 42,05 ; R$ 22,74 ;; R$ 0,97 ; R$ 18,62 ; R$ 13,48 ;; R$ 1,66 ; R$ 6,16 ;; R$ 8,35 ; R$ 0,39 ;; R$ 4,41 ; R$ 1,24 ;; R$ 17,37 ;; R$ 5,05 ; R$ 18,36 ; R$ 3,09 ; R$ 29,16 ;; R$ 72,64 ; R$ 10,51 ; R$ 69,29 ; R$ 14,00 ; R$ 72,58 ; R$ 5,29 ;; R$ 6,32 ; R$ 4,96 ; R$ 2,09 ; R$ 4,12 ; R$ 4,08 ;;; R$ 3,52 ; R$ 20,82 ; R$ 25,52 ; R$ 10,07 ; R$ 3,53 ; R$ 25,18 ; R$ 2,09 ; R$ 13,12 ; R$ 5,89 ;
01/06/2010;;; R$ 4,76 ;; R$ 5,98 ; R$ 26,24 ;;;; R$ 4.167,18 ; R$ 8,28 ; R$ 8,44 ; R$ 7,15 ; R$ 12,41 ; R$ 24,69 ; R$ 7,53 ; R$ 19,78 ; R$ 4,29 ; R$ 12,87 ; R$ 16,13 ;; R$ 11,22 ; R$ 5,22 ; R$ 2,06 ; R$ 4,56 ; R$ 12,50 ; R$ 6,41 ; R$ 4,36 ;; R$ 14,37 ; R$ 20,70 ; R$ 7,51 ; R$ 1,18 ; R$ 2,68 ; R$ 7,75 ; R$ 8,42 ; R$ 13,48 ; R$ 10,65 ;; R$ 7,05 ;; R$ 89,70 ; R$ 11,35 ; R$ 1,63 ; R$ 18,93 ; R$ 5,69 ; R$ 6,14 ; R$ 6,40 ; R$ 9,27 ; R$ 7,28 ; R$ 8,82 ; R$ 1,78 ; R$ 70,67 ; R$ 16,91 ; R$ 18,21 ; R$ 1,68 ; R$ 17,86 ; R$ 7,61 ; R$ 17,71 ; R$ 17,07 ;;; R$ 7,43 ; R$ 16,63 ; R$ 0,89 ; R$ 5,87 ; R$ 2,60 ; R$ 10,92 ;; R$ 16,48 ; R$ 6,40 ;; R$ 45,35 ; R$ 19,69 ; R$ 6,76 ; R$ 3.208,14 ; R$ 10,48 ;; R$ 2,54 ; R$ 13,52 ;; R$ 19,17 ; R$ 5,64 ;; R$ 8,29 ; R$ 5,78 ; R$ 67,59 ;; R$ 52,61 ; R$ 17,52 ; R$ 31,80 ; R$ 1,36 ; R$ 8,38 ; R$ 12,81 ;; R$ 2,43 ; R$ 7,48 ;; R$ 10,89 ; R$ 0,45 ;; R$ 6,98 ; R$ 2,24 ;; R$ 17,09 ;; R$ 6,85 ; R$ 21,24 ; R$ 2,62 ; R$ 23,49 ;; R$ 79,01 ; R$ 18,27 ; R$ 117,33 ; R$ 16,20 ; R$ 66,59 ; R$ 5,04 ;; R$ 9,23 ; R$ 5,86 ; R$ 2,57 ; R$ 7,24 ; R$ 8,37 ; R$ 4,44 ;; R$ 1,76 ; R$ 16,55 ; R$ 29,02 ; R$ 11,20 ; R$ 4,47 ; R$ 26,92 ; R$ 2,55 ; R$ 20,03 ; R$ 6,53 ;
01/06/2011;;; R$ 5,63 ;; R$ 7,83 ; R$ 7,59 ;; R$ 17,94 ; R$ 4,90 ; R$ 1.970,68 ; R$ 6,85 ; R$ 6,46 ; R$ 6,28 ; R$ 8,09 ; R$ 33,68 ; R$ 8,16 ; R$ 18,91 ; R$ 5,88 ; R$ 16,14 ; R$ 22,44 ;; R$ 13,31 ; R$ 6,44 ; R$ 2,02 ; R$ 4,56 ; R$ 16,75 ; R$ 8,86 ; R$ 3,19 ;; R$ 9,96 ; R$ 14,35 ; R$ 4,62 ; R$ 2,05 ; R$ 3,27 ; R$ 5,59 ; R$ 9,54 ; R$ 11,28 ; R$ 10,83 ; R$ 10,00 ; R$ 8,03 ;; R$ 170,60 ; R$ 13,19 ; R$ 2,09 ; R$ 15,39 ; R$ 5,43 ; R$ 4,55 ; R$ 7,38 ; R$ 11,10 ; R$ 4,62 ; R$ 7,15 ; R$ 1,77 ; R$ 24,77 ; R$ 11,05 ; R$ 12,51 ; R$ 1,49 ; R$ 14,23 ; R$ 7,93 ; R$ 18,16 ; R$ 6,48 ;;; R$ 3,60 ; R$ 18,03 ; R$ 0,68 ; R$ 4,98 ; R$ 4,30 ; R$ 7,18 ;; R$ 20,57 ; R$ 6,18 ;; R$ 29,91 ; R$ 13,80 ; R$ 6,01 ; R$ 740,47 ; R$ 13,12 ; R$ 0,27 ; R$ 2,71 ; R$ 7,51 ; R$ 8,22 ; R$ 16,67 ; R$ 4,32 ;; R$ 5,75 ; R$ 6,27 ; R$ 52,43 ;;; R$ 14,31 ; R$ 11,36 ; R$ 1,18 ; R$ 5,16 ; R$ 8,96 ; R$ 9,58 ; R$ 2,37 ; R$ 5,36 ;; R$ 13,30 ; R$ 0,74 ;; R$ 4,46 ; R$ 2,52 ;; R$ 10,13 ;; R$ 4,86 ; R$ 12,47 ; R$ 4,10 ; R$ 12,71 ; R$ 13,25 ; R$ 73,21 ; R$ 19,23 ; R$ 161,68 ; R$ 22,20 ; R$ 21,31 ; R$ 7,00 ; R$ 10,64 ; R$ 9,25 ; R$ 6,92 ; R$ 1,07 ; R$ 7,12 ; R$ 9,57 ; R$ 12,34 ;; R$ 0,88 ; R$ 8,83 ; R$ 22,03 ; R$ 13,83 ; R$ 3,55 ; R$ 7,47 ; R$ 2,26 ; R$ 16,12 ; R$ 4,44 ;
01/06/2012;;; R$ 7,67 ;; R$ 12,49 ; R$ 14,34 ;; R$ 31,00 ; R$ 4,64 ; R$ 1.391,07 ; R$ 6,28 ; R$ 7,08 ; R$ 6,50 ; R$ 8,45 ; R$ 39,16 ; R$ 13,43 ; R$ 15,10 ; R$ 6,07 ; R$ 9,88 ; R$ 32,34 ; R$ 4,87 ; R$ 18,38 ; R$ 8,68 ; R$ 1,67 ; R$ 7,19 ; R$ 14,59 ; R$ 15,30 ; R$ 3,02 ;; R$ 12,23 ; R$ 12,24 ; R$ 7,91 ; R$ 0,62 ; R$ 8,44 ; R$ 8,52 ; R$ 12,08 ; R$ 4,36 ; R$ 13,53 ; R$ 7,95 ; R$ 7,68 ;; R$ 154,75 ; R$ 15,68 ; R$ 3,20 ; R$ 15,22 ; R$ 6,70 ; R$ 7,14 ; R$ 12,31 ; R$ 10,42 ; R$ 7,17 ; R$ 7,78 ; R$ 3,49 ; R$ 28,32 ; R$ 13,90 ; R$ 16,29 ; R$ 3,47 ; R$ 24,04 ; R$ 11,74 ; R$ 34,40 ; R$ 12,66 ;;; R$ 2,47 ; R$ 20,26 ; R$ 1,24 ; R$ 4,91 ; R$ 6,99 ; R$ 7,77 ;; R$ 17,49 ; R$ 9,18 ; R$ 2,78 ; R$ 37,28 ; R$ 26,62 ; R$ 10,25 ; R$ 325,75 ; R$ 21,77 ; R$ 0,35 ; R$ 5,07 ; R$ 7,45 ; R$ 15,33 ; R$ 32,25 ; R$ 9,60 ;; R$ 6,70 ; R$ 7,85 ; R$ 59,25 ;;; R$ 13,32 ; R$ 4,73 ; R$ 3,03 ; R$ 4,50 ; R$ 12,28 ; R$ 12,13 ; R$ 4,24 ; R$ 8,14 ;; R$ 23,12 ; R$ 1,53 ;; R$ 7,57 ; R$ 2,09 ;; R$ 8,58 ;; R$ 6,44 ; R$ 11,64 ; R$ 7,96 ; R$ 26,22 ; R$ 21,60 ; R$ 60,69 ; R$ 27,05 ; R$ 75,83 ; R$ 21,65 ; R$ 28,91 ; R$ 6,34 ; R$ 7,38 ; R$ 11,45 ; R$ 4,17 ; R$ 1,08 ; R$ 9,81 ; R$ 17,73 ; R$ 18,29 ; R$ 7,71 ; R$ 1,22 ; R$ 11,21 ; R$ 24,98 ; R$ 30,56 ; R$ 4,13 ; R$ 4,31 ; R$ 3,34 ; R$ 20,63 ; R$ 10,39 ;
01/06/2013;;; R$ 8,45 ; R$ 10,24 ; R$ 13,12 ; R$ 12,88 ; R$ 6,59 ; R$ 23,77 ; R$ 3,70 ; R$ 185,25 ; R$ 4,41 ; R$ 5,70 ; R$ 6,21 ; R$ 13,87 ; R$ 46,38 ; R$ 12,78 ; R$ 10,29 ; R$ 6,05 ; R$ 12,22 ; R$ 31,94 ; R$ 8,43 ; R$ 18,63 ; R$ 7,61 ; R$ 1,72 ; R$ 6,93 ; R$ 13,56 ; R$ 11,51 ; R$ 2,25 ; R$ 12,05 ; R$ 10,13 ; R$ 13,59 ; R$ 7,87 ; R$ 1,86 ; R$ 6,78 ; R$ 7,40 ; R$ 10,86 ; R$ 4,37 ; R$ 17,93 ; R$ 5,93 ; R$ 7,31 ;; R$ 42,69 ; R$ 18,11 ; R$ 4,01 ; R$ 17,89 ; R$ 5,95 ; R$ 6,37 ; R$ 14,24 ; R$ 7,00 ; R$ 7,72 ; R$ 6,39 ; R$ 4,69 ; R$ 23,14 ; R$ 14,41 ; R$ 16,89 ; R$ 3,98 ; R$ 17,66 ; R$ 10,45 ; R$ 28,90 ; R$ 13,59 ;;; R$ 3,18 ; R$ 19,81 ; R$ 2,79 ; R$ 7,25 ; R$ 3,55 ; R$ 27,08 ;; R$ 18,18 ; R$ 8,93 ; R$ 1,62 ; R$ 35,76 ; R$ 15,28 ; R$ 8,06 ; R$ 134,25 ; R$ 28,16 ; R$ 0,22 ; R$ 4,05 ; R$ 3,52 ; R$ 17,63 ; R$ 31,80 ; R$ 9,82 ;; R$ 4,90 ; R$ 7,47 ; R$ 26,94 ;;; R$ 12,12 ; R$ 0,91 ; R$ 3,45 ; R$ 2,61 ; R$ 15,93 ; R$ 12,87 ; R$ 2,73 ; R$ 7,53 ;; R$ 21,65 ; R$ 1,21 ;; R$ 7,85 ; R$ 2,78 ; R$ 18,73 ; R$ 11,49 ; R$ 2,54 ; R$ 6,68 ; R$ 7,12 ; R$ 7,38 ; R$ 20,83 ; R$ 14,02 ; R$ 67,47 ; R$ 14,44 ; R$ 25,40 ; R$ 21,71 ; R$ 26,88 ; R$ 9,90 ; R$ 5,08 ; R$ 10,66 ; R$ 3,57 ; R$ 1,48 ; R$ 7,84 ; R$ 15,22 ; R$ 22,67 ; R$ 4,19 ; R$ 1,64 ; R$ 12,44 ; R$ 22,25 ; R$ 22,35 ; R$ 7,23 ; R$ 2,50 ; R$ 3,96 ; R$ 20,30 ; R$ 15,34 ;
01/06/2014;;; R$ 4,67 ; R$ 12,60 ; R$ 12,98 ; R$ 21,06 ; R$ 11,04 ; R$ 22,08 ; R$ 4,44 ; R$ 55,95 ; R$ 2,84 ; R$ 3,57 ; R$ 5,97 ; R$ 12,00 ; R$ 60,73 ; R$ 11,60 ; R$ 9,10 ; R$ 7,02 ; R$ 16,39 ; R$ 30,91 ; R$ 13,81 ; R$ 16,18 ; R$ 5,32 ; R$ 2,18 ; R$ 5,76 ; R$ 13,83 ; R$ 4,11 ; R$ 2,32 ; R$ 12,38 ; R$ 8,03 ; R$ 10,48 ; R$ 5,47 ; R$ 1,55 ; R$ 6,67 ; R$ 5,31 ; R$ 8,79 ; R$ 4,56 ; R$ 23,57 ; R$ 4,44 ; R$ 6,40 ;; R$ 5,70 ; R$ 17,87 ; R$ 4,88 ; R$ 14,70 ; R$ 2,84 ; R$ 4,43 ; R$ 11,14 ; R$ 5,27 ; R$ 5,23 ; R$ 6,14 ; R$ 3,10 ; R$ 14,76 ; R$ 7,67 ; R$ 8,31 ; R$ 3,56 ; R$ 14,29 ; R$ 8,44 ; R$ 18,83 ; R$ 12,82 ;;; R$ 1,54 ; R$ 9,36 ; R$ 2,87 ; R$ 9,36 ; R$ 1,99 ; R$ 34,38 ; R$ 11,69 ; R$ 15,40 ; R$ 9,72 ; R$ 1,03 ; R$ 14,83 ; R$ 12,00 ; R$ 10,32 ; R$ 31,38 ; R$ 25,97 ; R$ 0,23 ; R$ 2,74 ; R$ 5,36 ; R$ 14,82 ; R$ 9,27 ; R$ 8,46 ;; R$ 4,55 ; R$ 7,84 ; R$ 6,83 ; R$ 28,70 ;; R$ 7,56 ; R$ 0,46 ; R$ 3,45 ; R$ 1,98 ; R$ 7,74 ; R$ 15,90 ; R$ 4,74 ; R$ 4,07 ;; R$ 14,45 ; R$ 1,12 ;; R$ 10,01 ; R$ 1,47 ; R$ 23,87 ; R$ 4,59 ; R$ 1,97 ; R$ 4,71 ; R$ 2,56 ; R$ 8,87 ; R$ 4,29 ; R$ 6,95 ; R$ 30,75 ; R$ 12,92 ; R$ 11,37 ; R$ 23,30 ; R$ 8,47 ; R$ 9,72 ; R$ 2,71 ; R$ 10,40 ; R$ 5,79 ; R$ 1,16 ; R$ 6,36 ; R$ 13,20 ; R$ 21,41 ; R$ 1,86 ; R$ 1,52 ; R$ 4,42 ; R$ 14,56 ; R$ 30,56 ; R$ 6,55 ; R$ 1,15 ; R$ 5,18 ; R$ 21,57 ; R$ 18,05 ;
01/06/2015;;; R$ 5,15 ; R$ 9,98 ; R$ 14,75 ; R$ 14,29 ; R$ 4,44 ; R$ 17,86 ; R$ 3,51 ; R$ 45,00 ; R$ 1,19 ; R$ 1,38 ; R$ 8,11 ; R$ 19,94 ; R$ 53,89 ; R$ 9,90 ; R$ 7,52 ; R$ 3,38 ; R$ 10,26 ; R$ 28,50 ; R$ 8,62 ; R$ 14,88 ; R$ 3,29 ; R$ 1,51 ; R$ 5,18 ; R$ 11,71 ; R$ 2,23 ; R$ 2,36 ; R$ 11,32 ; R$ 5,63 ; R$ 9,56 ; R$ 4,27 ; R$ 0,35 ; R$ 9,11 ; R$ 2,52 ; R$ 4,40 ; R$ 4,53 ; R$ 29,32 ; R$ 3,67 ; R$ 8,71 ;; R$ 3,50 ; R$ 18,31 ; R$ 6,18 ; R$ 10,56 ; R$ 2,44 ; R$ 3,54 ; R$ 7,34 ; R$ 1,35 ; R$ 4,84 ; R$ 6,07 ; R$ 2,99 ; R$ 16,31 ; R$ 3,84 ; R$ 1,24 ; R$ 4,11 ; R$ 11,17 ; R$ 4,84 ; R$ 6,96 ; R$ 16,71 ;; R$ 3,58 ; R$ 0,94 ; R$ 9,67 ; R$ 2,74 ; R$ 10,43 ; R$ 1,08 ; R$ 11,57 ; R$ 19,18 ; R$ 9,45 ; R$ 6,90 ; R$ 0,88 ; R$ 5,28 ; R$ 4,44 ; R$ 11,76 ; R$ 1,86 ; R$ 19,30 ; R$ 0,07 ; R$ 1,57 ; R$ 5,58 ; R$ 18,81 ; R$ 2,58 ; R$ 11,36 ;; R$ 5,53 ; R$ 7,83 ; R$ 1,79 ; R$ 33,11 ; R$ 41,42 ; R$ 5,06 ; R$ 0,25 ; R$ 1,62 ; R$ 1,63 ; R$ 4,36 ; R$ 9,00 ; R$ 6,74 ; R$ 2,11 ;; R$ 16,40 ; R$ 0,72 ;; R$ 12,87 ; R$ 1,17 ; R$ 6,24 ; R$ 3,55 ; R$ 2,20 ; R$ 5,59 ; R$ 2,89 ; R$ 8,87 ; R$ 0,92 ; R$ 3,44 ; R$ 22,62 ; R$ 3,88 ; R$ 6,16 ; R$ 21,82 ; R$ 2,20 ; R$ 5,76 ; R$ 2,92 ; R$ 9,54 ; R$ 6,72 ; R$ 1,14 ; R$ 4,02 ; R$ 14,43 ; R$ 25,77 ; R$ 1,44 ; R$ 1,48 ; R$ 1,36 ; R$ 9,13 ; R$ 31,35 ; R$ 1,44 ; R$ 1,77 ; R$ 5,18 ; R$ 23,14 ; R$ 10,76 ;
01/06/2016; R$ 10,43 ; R$ 14,45 ; R$ 7,48 ; R$ 14,74 ; R$ 14,05 ; R$ 9,57 ; R$ 4,47 ; R$ 22,03 ; R$ 2,65 ; R$ 13,13 ; R$ 3,40 ; R$ 4,14 ; R$ 8,58 ; R$ 27,48 ; R$ 48,25 ; R$ 13,19 ; R$ 12,96 ; R$ 4,79 ; R$ 10,70 ; R$ 40,57 ; R$ 12,39 ; R$ 23,50 ; R$ 8,06 ; R$ 1,78 ; R$ 8,42 ; R$ 20,15 ; R$ 3,51 ; R$ 4,13 ; R$ 20,80 ; R$ 7,92 ; R$ 16,80 ; R$ 5,00 ; R$ 1,49 ; R$ 21,16 ; R$ 3,45 ; R$ 7,33 ; R$ 17,93 ; R$ 15,62 ; R$ 3,48 ; R$ 10,75 ;; R$ 2,98 ; R$ 20,12 ; R$ 10,03 ; R$ 6,67 ; R$ 2,50 ; R$ 3,33 ; R$ 10,06 ; R$ 2,05 ; R$ 5,89 ; R$ 14,48 ; R$ 3,50 ; R$ 12,71 ; R$ 8,96 ; R$ 3,62 ; R$ 4,56 ; R$ 11,14 ; R$ 6,56 ; R$ 7,34 ; R$ 20,47 ;; R$ 4,39 ; R$ 1,40 ; R$ 9,38 ; R$ 2,16 ; R$ 10,08 ; R$ 1,19 ; R$ 12,94 ; R$ 14,90 ; R$ 16,64 ; R$ 9,79 ; R$ 1,75 ; R$ 2,24 ; R$ 5,45 ; R$ 16,27 ; R$ 3,61 ; R$ 33,84 ; R$ 0,40 ; R$ 2,45 ; R$ 5,81 ; R$ 16,19 ; R$ 3,80 ; R$ 10,38 ;; R$ 7,18 ; R$ 10,74 ; R$ 1,96 ; R$ 26,63 ; R$ 35,31 ; R$ 11,22 ; R$ 0,44 ; R$ 1,63 ; R$ 2,67 ; R$ 7,44 ; R$ 13,62 ; R$ 11,75 ; R$ 3,05 ;; R$ 25,18 ; R$ 2,64 ; R$ 2,28 ; R$ 16,59 ; R$ 1,31 ; R$ 15,40 ; R$ 9,63 ; R$ 3,41 ; R$ 5,11 ; R$ 4,25 ; R$ 12,57 ; R$ 1,47 ; R$ 3,47 ; R$ 21,46 ; R$ 6,34 ; R$ 21,33 ; R$ 24,51 ; R$ 2,77 ; R$ 6,75 ; R$ 5,29 ; R$ 7,64 ; R$ 9,79 ; R$ 1,24 ; R$ 2,89 ; R$ 9,68 ; R$ 29,86 ; R$ 2,12 ; R$ 2,47 ; R$ 3,67 ; R$ 18,09 ; R$ 18,77 ; R$ 3,58 ; R$ 2,31 ; R$ 5,51 ; R$ 24,86 ; R$ 13,75 ;
01/06/2017; R$ 10,09 ; R$ 14,60 ; R$ 13,36 ; R$ 16,34 ; R$ 18,74 ; R$ 19,70 ; R$ 9,32 ; R$ 50,63 ; R$ 2,75 ; R$ 7,58 ; R$ 7,10 ; R$ 8,48 ; R$ 9,90 ; R$ 35,38 ; R$ 36,60 ; R$ 13,82 ; R$ 22,11 ; R$ 4,52 ; R$ 10,75 ; R$ 46,40 ; R$ 17,56 ; R$ 37,64 ; R$ 10,08 ; R$ 1,74 ; R$ 9,39 ; R$ 15,60 ; R$ 9,49 ; R$ 8,62 ; R$ 43,05 ; R$ 10,27 ; R$ 26,21 ; R$ 6,84 ; R$ 1,04 ; R$ 12,69 ; R$ 4,27 ; R$ 11,41 ; R$ 15,20 ; R$ 19,88 ; R$ 7,19 ; R$ 11,33 ;; R$ 3,48 ; R$ 22,05 ; R$ 12,23 ; R$ 4,65 ; R$ 3,57 ; R$ 5,16 ; R$ 16,53 ; R$ 2,55 ; R$ 16,71 ; R$ 24,47 ; R$ 4,61 ; R$ 16,61 ; R$ 10,32 ; R$ 4,39 ; R$ 7,75 ; R$ 16,17 ; R$ 16,39 ; R$ 9,74 ; R$ 30,20 ; R$ 31,08 ; R$ 7,90 ; R$ 4,28 ; R$ 18,92 ; R$ 1,82 ; R$ 8,70 ; R$ 1,48 ; R$ 14,04 ; R$ 15,31 ; R$ 16,00 ; R$ 20,17 ; R$ 5,78 ; R$ 3,05 ; R$ 6,63 ; R$ 27,80 ; R$ 2,60 ; R$ 46,52 ; R$ 2,47 ; R$ 3,58 ; R$ 6,43 ; R$ 19,17 ; R$ 4,00 ; R$ 9,35 ; R$ 6,32 ; R$ 10,32 ; R$ 14,13 ; R$ 2,71 ; R$ 22,92 ; R$ 63,83 ; R$ 12,15 ; R$ 1,64 ; R$ 4,49 ; R$ 2,99 ; R$ 6,76 ; R$ 23,06 ; R$ 17,78 ; R$ 6,39 ; R$ 12,97 ; R$ 31,17 ; R$ 3,05 ; R$ 3,22 ; R$ 16,69 ; R$ 2,18 ; R$ 26,33 ; R$ 7,44 ; R$ 6,61 ; R$ 10,37 ; R$ 10,81 ; R$ 14,01 ; R$ 1,75 ; R$ 3,42 ; R$ 20,60 ; R$ 16,86 ; R$ 21,99 ; R$ 29,78 ; R$ 4,12 ; R$ 11,44 ; R$ 7,05 ; R$ 9,61 ; R$ 10,59 ; R$ 1,83 ; R$ 3,07 ; R$ 15,82 ; R$ 33,57 ; R$ 2,12 ; R$ 9,34 ; R$ 8,15 ; R$ 29,62 ; R$ 15,85 ; R$ 7,92 ; R$ 8,76 ; R$ 8,73 ; R$ 31,05 ; R$ 29,06 ;
01/06/2018; R$ 8,54 ; R$ 13,13 ; R$ 13,45 ; R$ 16,89 ; R$ 13,99 ; R$ 40,37 ; R$ 5,66 ; R$ 52,38 ; R$ 2,52 ; R$ 2,55 ; R$ 8,73 ; R$ 9,70 ; R$ 13,03 ; R$ 40,78 ; R$ 21,93 ; R$ 10,11 ; R$ 41,39 ; R$ 9,80 ; R$ 17,80 ; R$ 41,48 ; R$ 8,77 ; R$ 39,91 ; R$ 15,59 ; R$ 2,31 ; R$ 7,79 ; R$ 23,53 ; R$ 25,34 ; R$ 6,29 ; R$ 54,78 ; R$ 13,00 ; R$ 25,86 ; R$ 9,41 ; R$ 0,60 ; R$ 10,03 ; R$ 6,23 ; R$ 9,38 ; R$ 19,05 ; R$ 21,68 ; R$ 7,18 ; R$ 12,39 ;; R$ 4,02 ; R$ 28,73 ; R$ 14,13 ; R$ 2,36 ; R$ 3,95 ; R$ 5,40 ; R$ 19,59 ; R$ 4,50 ; R$ 17,90 ; R$ 16,91 ; R$ 4,16 ; R$ 13,72 ; R$ 12,65 ; R$ 5,40 ; R$ 6,99 ; R$ 22,22 ; R$ 18,35 ; R$ 7,51 ; R$ 26,84 ; R$ 17,72 ; R$ 6,45 ; R$ 5,09 ; R$ 20,47 ; R$ 2,70 ; R$ 10,34 ; R$ 1,63 ; R$ 10,73 ; R$ 14,62 ; R$ 15,95 ; R$ 27,56 ; R$ 11,69 ; R$ 7,80 ; R$ 4,75 ; R$ 33,67 ; R$ 1,64 ; R$ 38,59 ; R$ 5,60 ; R$ 3,78 ; R$ 4,80 ; R$ 21,69 ; R$ 4,16 ; R$ 4,38 ; R$ 8,10 ; R$ 10,95 ; R$ 12,46 ; R$ 1,25 ; R$ 32,47 ; R$ 64,78 ; R$ 17,84 ; R$ 1,98 ; R$ 4,42 ; R$ 2,16 ; R$ 3,73 ; R$ 9,94 ; R$ 11,17 ; R$ 8,37 ; R$ 17,00 ; R$ 29,45 ; R$ 2,98 ; R$ 4,02 ; R$ 16,14 ; R$ 3,23 ; R$ 13,43 ; R$ 7,85 ; R$ 6,31 ; R$ 17,09 ; R$ 6,90 ; R$ 17,67 ; R$ 4,05 ; R$ 2,37 ; R$ 14,50 ; R$ 24,65 ; R$ 22,60 ; R$ 32,75 ; R$ 3,39 ; R$ 10,52 ; R$ 7,31 ; R$ 8,80 ; R$ 13,11 ; R$ 3,79 ; R$ 1,54 ; R$ 18,61 ; R$ 24,41 ; R$ 2,36 ; R$ 25,53 ; R$ 8,29 ; R$ 39,04 ; R$ 16,33 ; R$ 4,39 ; R$ 6,83 ; R$ 8,40 ; R$ 32,65 ; R$ 22,54 ;
01/06/2019; R$ 14,73 ; R$ 18,01 ; R$ 32,78 ; R$ 25,94 ; R$ 17,42 ; R$ 61,11 ; R$ 9,93 ; R$ 62,72 ; R$ 2,31 ; R$ 0,53 ; R$ 11,18 ; R$ 12,44 ; R$ 16,74 ; R$ 26,42 ; R$ 35,20 ; R$ 18,03 ; R$ 43,73 ; R$ 10,27 ; R$ 26,96 ; R$ 55,90 ; R$ 11,43 ; R$ 120,67 ; R$ 17,71 ; R$ 5,47 ; R$ 16,55 ; R$ 29,47 ; R$ 23,11 ; R$ 11,59 ; R$ 39,62 ; R$ 26,76 ; R$ 56,45 ; R$ 13,63 ; R$ 2,58 ; R$ 19,26 ; R$ 13,49 ; R$ 16,30 ; R$ 30,49 ; R$ 19,73 ; R$ 13,98 ; R$ 19,59 ;; R$ 10,92 ; R$ 45,79 ; R$ 21,85 ; R$ 3,60 ; R$ 7,68 ; R$ 14,00 ; R$ 49,53 ; R$ 3,61 ; R$ 18,70 ; R$ 27,43 ; R$ 5,47 ; R$ 7,83 ; R$ 17,42 ; R$ 7,39 ; R$ 10,88 ; R$ 38,67 ; R$ 22,05 ; R$ 22,62 ; R$ 32,86 ; R$ 26,36 ; R$ 8,40 ; R$ 11,56 ; R$ 20,27 ; R$ 3,70 ; R$ 23,01 ; R$ 6,39 ; R$ 21,44 ; R$ 17,84 ; R$ 23,18 ; R$ 46,59 ; R$ 21,64 ; R$ 20,90 ; R$ 12,15 ; R$ 49,71 ; R$ 1,92 ; R$ 34,39 ; R$ 11,88 ; R$ 4,24 ; R$ 8,75 ; R$ 27,10 ; R$ 10,15 ; R$ 11,27 ; R$ 18,30 ; R$ 20,32 ; R$ 15,63 ; R$ 0,86 ; R$ 41,68 ; R$ 68,52 ; R$ 24,53 ; R$ 6,61 ; R$ 4,72 ; R$ 9,81 ; R$ 6,14 ; R$ 34,09 ; R$ 21,99 ; R$ 12,53 ; R$ 26,10 ; R$ 58,03 ; R$ 6,31 ; R$ 7,77 ; R$ 21,72 ; R$ 4,84 ; R$ 26,64 ; R$ 13,42 ; R$ 24,48 ; R$ 21,22 ; R$ 12,29 ; R$ 25,01 ; R$ 5,99 ; R$ 3,47 ; R$ 18,30 ; R$ 35,61 ; R$ 29,07 ; R$ 41,38 ; R$ 6,09 ; R$ 14,47 ; R$ 6,25 ; R$ 21,13 ; R$ 18,26 ; R$ 14,53 ; R$ 1,67 ; R$ 24,78 ; R$ 23,98 ; R$ 4,28 ; R$ 29,08 ; R$ 8,70 ; R$ 41,88 ; R$ 16,13 ; R$ 11,17 ; R$ 8,85 ; R$ 16,86 ; R$ 38,67 ; R$ 45,89 ;
01/06/2020; R$ 16,24 ; R$ 11,10 ; R$ 41,54 ; R$ 26,23 ; R$ 14,99 ; R$ 73,75 ; R$ 12,00 ; R$ 67,39 ; R$ 2,26 ; R$ 0,34 ; R$ 18,87 ; R$ 21,59 ; R$ 22,73 ; R$ 20,86 ; R$ 22,04 ; R$ 13,29 ; R$ 49,94 ; R$ 11,62 ; R$ 26,77 ; R$ 56,13 ; R$ 4,63 ; R$ 153,66 ; R$ 15,28 ; R$ 6,19 ; R$ 18,40 ; R$ 28,54 ; R$ 32,18 ; R$ 14,60 ; R$ 19,78 ; R$ 28,22 ; R$ 71,62 ; R$ 15,88 ; R$ 7,19 ; R$ 21,41 ; R$ 12,46 ; R$ 13,37 ; R$ 34,09 ; R$ 8,85 ; R$ 11,70 ; R$ 17,95 ;; R$ 15,53 ; R$ 41,15 ; R$ 22,50 ; R$ 11,40 ; R$ 6,59 ; R$ 11,05 ; R$ 41,30 ; R$ 2,96 ; R$ 18,75 ; R$ 24,88 ; R$ 9,90 ; R$ 4,35 ; R$ 21,60 ; R$ 9,12 ; R$ 7,60 ; R$ 52,50 ; R$ 14,21 ; R$ 12,16 ; R$ 32,69 ; R$ 22,17 ; R$ 4,21 ; R$ 14,61 ; R$ 14,04 ; R$ 5,07 ; R$ 21,59 ; R$ 7,13 ; R$ 28,16 ; R$ 25,67 ; R$ 23,71 ; R$ 68,27 ; R$ 28,67 ; R$ 16,18 ; R$ 6,23 ; R$ 38,82 ; R$ 2,42 ; R$ 31,33 ; R$ 24,93 ; R$ 2,78 ; R$ 12,75 ; R$ 19,80 ; R$ 5,97 ; R$ 9,16 ; R$ 19,90 ; R$ 18,22 ; R$ 14,00 ; R$ 2,20 ; R$ 37,35 ; R$ 58,37 ; R$ 23,04 ; R$ 14,04 ; R$ 6,12 ; R$ 4,95 ; R$ 5,79 ; R$ 32,32 ; R$ 24,80 ; R$ 15,31 ; R$ 19,24 ; R$ 44,03 ; R$ 4,73 ; R$ 5,01 ; R$ 25,66 ; R$ 6,62 ; R$ 15,21 ; R$ 30,33 ; R$ 23,48 ; R$ 24,44 ; R$ 7,79 ; R$ 29,74 ; R$ 15,50 ; R$ 1,25 ; R$ 9,99 ; R$ 25,86 ; R$ 30,88 ; R$ 42,88 ; R$ 7,20 ; R$ 14,07 ; R$ 3,97 ; R$ 28,44 ; R$ 24,09 ; R$ 11,95 ; R$ 2,31 ; R$ 20,54 ; R$ 22,62 ; R$ 4,06 ; R$ 43,40 ; R$ 13,49 ; R$ 71,59 ; R$ 8,92 ; R$ 16,16 ; R$ 7,69 ; R$ 37,14 ; R$ 42,64 ; R$ 32,40 ;
01/06/2021; R$ 11,07 ; R$ 14,97 ; R$ 36,86 ; R$ 24,10 ; R$ 15,42 ; R$ 30,80 ; R$ 8,40 ; R$ 76,77 ; R$ 4,35 ; R$ 0,66 ; R$ 21,78 ; R$ 24,99 ; R$ 28,79 ; R$ 57,63 ; R$ 22,52 ; R$ 11,59 ; R$ 66,97 ; R$ 12,98 ; R$ 21,51 ; R$ 58,09 ; R$ 2,46 ; R$ 144,84 ; R$ 12,63 ; R$ 6,33 ; R$ 21,69 ; R$ 26,83 ; R$ 68,94 ; R$ 12,97 ; R$ 13,42 ; R$ 15,78 ; R$ 33,74 ; R$ 14,96 ; R$ 10,41 ; R$ 13,32 ; R$ 12,71 ; R$ 7,32 ; R$ 33,41 ; R$ 24,82 ; R$ 13,31 ; R$ 20,14 ;; R$ 14,15 ; R$ 37,68 ; R$ 22,61 ; R$ 20,48 ; R$ 8,81 ; R$ 6,59 ; R$ 19,95 ; R$ 18,37 ; R$ 48,75 ; R$ 17,24 ; R$ 13,93 ; R$ 2,01 ; R$ 27,07 ; R$ 11,28 ; R$ 8,65 ; R$ 25,43 ; R$ 9,80 ; R$ 4,68 ; R$ 28,04 ; R$ 19,20 ; R$ 2,43 ; R$ 18,06 ; R$ 14,84 ; R$ 6,83 ; R$ 37,95 ; R$ 5,42 ; R$ 37,33 ; R$ 25,29 ; R$ 11,75 ; R$ 52,87 ; R$ 23,38 ; R$ 23,60 ; R$ 3,80 ; R$ 24,30 ; R$ 5,32 ; R$ 23,61 ; R$ 7,22 ; R$ 3,05 ; R$ 22,07 ; R$ 30,26 ; R$ 6,39 ; R$ 10,60 ; R$ 15,65 ; R$ 12,00 ; R$ 12,57 ; R$ 0,76 ; R$ 25,50 ; R$ 21,73 ; R$ 28,45 ; R$ 20,67 ; R$ 9,61 ; R$ 10,90 ; R$ 5,90 ; R$ 16,90 ; R$ 24,30 ; R$ 10,87 ; R$ 17,76 ; R$ 40,18 ; R$ 3,75 ; R$ 6,39 ; R$ 34,44 ; R$ 8,41 ; R$ 10,49 ; R$ 24,79 ; R$ 16,53 ; R$ 40,94 ; R$ 4,91 ; R$ 36,37 ; R$ 24,66 ; R$ 2,23 ; R$ 3,61 ; R$ 15,63 ; R$ 14,50 ; R$ 47,95 ; R$ 22,48 ; R$ 13,07 ; R$ 3,73 ; R$ 28,64 ; R$ 24,31 ; R$ 5,95 ; R$ 2,11 ; R$ 19,95 ; R$ 14,37 ; R$ 4,21 ; R$ 103,24 ; R$ 15,16 ; R$ 75,07 ; R$ 8,30 ; R$ 5,25 ; R$ 9,14 ; R$ 32,72 ; R$ 55,68 ; R$ 20,56 ;
